Layer,Fieldname,PFL,GIS,TR and Scraps,Duplicates
P_MAOPCalcRange,OBJECTID,,,,
P_MAOPCalcRange,CREATIONUSER,,,,
P_MAOPCalcRange,DATECREATED,,,,
P_MAOPCalcRange,DATEMODIFIED,,,,
P_MAOPCalcRange,LASTUSER,,,,
P_MAOPCalcRange,CONTINROUTEID,Route ID,,,Check
P_MAOPCalcRange,CONTINROUTENAME,TR,,,Check
P_MAOPCalcRange,EVENTID,,,,
P_MAOPCalcRange,CONTINFROMM,From Measure,,,
P_MAOPCalcRange,CONTINTOM,To Measure,,,
P_MAOPCalcRange,DOCUMENTMATURITYINDEX,,,,
P_MAOPCalcRange,LOCATIONERROR,,,,
P_MAOPCalcRange,MAOPDESIGN,DP of Pipe 192.619(a)(1),,,Check
P_MAOPCalcRange,MAOPRECORD,Governing MAOP,,,Check
P_MAOPCalcRange,MAOPTEST,Test Pressure 192.619(a)(2),,,Check
P_MAOPCalcRange,MAOPUNITOFMEASURE,,,,
P_MAOPCalcRange,FROMDATE,,,,
P_MAOPCalcRange,TODATE,,,,
P_MAOPCalcRange,PRESSUREESTABLISHEDBY,,,,
P_MAOPCalcRange,SHAPE,,,,
P_MAOPCalcRange,GLOBALID,,,,
P_MAOPCalcRange,SHAPE_Length,,,,
P_TVCLine,OBJECTID,,,,
P_TVCLine,ODDOCUMENT1TYPE,OD 1 Document 1 Type,,,Check
P_TVCLine,ODDOCUMENT2TYPE,OD 1 Document 2 Type,,,Check
P_TVCLine,ODDOCUMENT3TYPE,OD 1 Document 3 Type,,,Check
P_TVCLine,ODDOCUMENT4TYPE,OD 1 Document 4 Type,,,Check
P_TVCLine,ODDOCUMENT5TYPE,OD 1 Document 5 Type,,,Check
P_TVCLine,WTDOCUMENT1TYPE,WT 1 Document 1 Type,,,Check
P_TVCLine,WTDOCUMENT2TYPE,WT 1 Document 2 Type,,,Check
P_TVCLine,WTDOCUMENT3TYPE,WT 1 Document 3 Type,,,Check
P_TVCLine,WTDOCUMENT4TYPE,WT 1 Document 4 Type,,,Check
P_TVCLine,WTDOCUMENT5TYPE,WT 1 Document 5 Type,,,Check
P_TVCLine,PIPEGRADEDOCUMENT1TYPE,Spec Grade Document 1 Type,,,Check
P_TVCLine,PIPEGRADEDOCUMENT2TYPE,Spec Grade Document 2 Type,,,Check
P_TVCLine,PIPEGRADEDOCUMENT3TYPE,Spec Grade Document 3 Type,,,Check
P_TVCLine,PIPEGRADEDOCUMENT4TYPE,Spec Grade Document 4 Type,,,Check
P_TVCLine,CONTINROUTEID,Route ID,,,Check
P_TVCLine,CONTINROUTENAME,TR,,,Check
P_TVCLine,CONTINFROMM,From Measure,,,
P_TVCLine,CONTINTOM,To Measure,,,
P_TVCLine,FROMDATE,,,,
P_TVCLine,TODATE,,,,
P_TVCLine,PIPEGRADEDOCUMENT5TYPE,Spec Grade Document 5 Type,,,Check
P_TVCLine,PROJECTNUMBER,,,,
P_TVCLine,PROJECTDESCRIPTION,Project Name,,,Check
P_TVCLine,ENGFROMM,From Station,,,
P_TVCLine,ENGTOM,To Station,,,
P_TVCLine,SEAMDOCUMENT1TYPE,Seam Document 1 Type,,,Check
P_TVCLine,ODDOCUMENT1,OD 1 Document 1,,,Check
P_TVCLine,SEAMDOCUMENT2TYPE,Seam Document 2 Type,,,Check
P_TVCLine,ODDOCUMENT2,OD 1 Document 2,,,Check
P_TVCLine,SEAMDOCUMENT3TYPE,Seam Document 3 Type,,,Check
P_TVCLine,ODDOCUMENT3,OD 1 Document 3,,,Check
P_TVCLine,SEAMDOCUMENT4TYPE,Seam Document 4 Type,,,Check
P_TVCLine,ODDOCUMENT4,OD 1 Document 4,,,Check
P_TVCLine,SEAMDOCUMENT5TYPE,Seam Document 5 Type,,,Check
P_TVCLine,ODDOCUMENT5,OD 1 Document 5,,,Check
P_TVCLine,JOINTFACTOR,Joint Factor [E],,,Check
P_TVCLine,WTDOCUMENT1,WT 1 Document 1,,,Check
P_TVCLine,WTDOCUMENT2,WT 1 Document 2,,,Check
P_TVCLine,WTDOCUMENT3,WT 1 Document 3,,,Check
P_TVCLine,WTDOCUMENT4,WT 1 Document 4,,,Check
P_TVCLine,WTTVCSTATUS,WT 1 Matrix Check,,,Check
P_TVCLine,WTDOCUMENT5,WT 1 Document 5,,,Check
P_TVCLine,PIPEGRADETVCSTATUS,Spec Grade Matrix Check,,,Check
P_TVCLine,SEAMTVCSTATUS,Seam Matrix Check,,,Check
P_TVCLine,ODTVCSTATUS,OD 1 Matrix Check,,,Check
P_TVCLine,PIPEGRADEDOCUMENT1,Spec Grade Document 1,,,Check
P_TVCLine,PIPEGRADEDOCUMENT2,Spec Grade Document 2,,,Check
P_TVCLine,PIPEGRADEDOCUMENT3,Spec Grade Document 3,,,Check
P_TVCLine,PIPEGRADEDOCUMENT4,Spec Grade Document 4,,,Check
P_TVCLine,PIPEGRADEDOCUMENT5,Spec Grade Document 5,,,Check
P_TVCLine,NONTVCGAPSTATUS,Non TVC Gap Status,,,Check
P_TVCLine,SEAMDOCUMENT1,Seam Document 1,,,Check
P_TVCLine,SEAMDOCUMENT2,Seam Document 2,,,Check
P_TVCLine,SEAMTYPE,SeamType,,,Check
P_TVCLine,SEAMDOCUMENT3,Seam Document 3,,,Check
P_TVCLine,OUTSIDEDIAMETER,Outside Diameter [D],,,Check
P_TVCLine,SEAMDOCUMENT4,Seam Document 4,,,Check
P_TVCLine,FEATURETYPE,Feature Type,,,Check
P_TVCLine,SEAMDOCUMENT5,Seam Document 5,,,Check
P_TVCLine,PIPEGRADE,Grade,,,Check
P_TVCLine,WALLTHICKNESS,Wall Thickness [t],,,Check
P_TVCLine,WALLTHICKNESS2,Wall Thickness 2,,,Check
P_TVCLine,TVCSTATUS,TVC Status,,,Check
P_TVCLine,ENGINEERINGWHITEPAPER1,Engineering Whitepaper 1,,,Check
P_TVCLine,ENGINEERINGWHITEPAPER2,Engineering Whitepaper 2,,,Check
P_TVCLine,ENGINEERINGWHITEPAPER3,Engineering Whitepaper 3,,,Check
P_TVCLine,ENGINEERINGWHITEPAPER4,Engineering Whitepaper 4,,,Check
P_TVCLine,ENGINEERINGWHITEPAPER5,Engineering Whitepaper 5,,,Check
P_TVCLine,DEFAULTSMYSINDICATOR,,,,
P_TVCLine,EVENTID,,,,
P_TVCLine,LOCATIONERROR,,,,
P_TVCLine,PTDOCUMENT,PT Document,,,Check
P_TVCLine,DEFAULTJOINTFACTOR,Default Joint Factor [E],,,Check
P_TVCLine,WHITEPAPER,Whitepaper,,,Check
P_TVCLine,QCCOMMENT,QC Comment,,,Check
P_TVCLine,DEFAULTDESIGNFACTOR,Default Design Factor,,,Check
P_TVCLine,DESIGNPRESSURETVCSTATUS,DP TVC,,,Check
P_TVCLine,PRESSURETESTTVCSTATUS,PT TVC,,,Check
P_TVCLine,TVC,TVC,,,Check
P_TVCLine,SMYS,SMYS [S],,,Check
P_TVCLine,DATECREATED,,,,
P_TVCLine,CREATIONUSER,,,,
P_TVCLine,LASTUSER,,,,
P_TVCLine,DATEMODIFIED,,,,
P_TVCLine,SHAPE,,,,
P_TVCLine,GLOBALID,,,,
P_TVCLine,SHAPE_Length,,,,
P_NonControllableFitting,OBJECTID,,,,
P_NonControllableFitting,ABANDONEDINDICATOR,,ABANDONEDINDICATOR,ABANDONEDINDICATOR,
P_NonControllableFitting,ASSETGROUP,,ASSETGROUP,ASSETGROUP,
P_NonControllableFitting,ASSETTYPE,,ASSETTYPE,ASSETTYPE,
P_NonControllableFitting,ASSETUNITCODE,,ASSETUNITCODE,ASSETUNITCODE,
P_NonControllableFitting,BARCODE,,BARCODE,BARCODE,
P_NonControllableFitting,BONDEDINDICATOR,,BONDEDINDICATOR,BONDEDINDICATOR,
P_NonControllableFitting,CITYNAME,,CITYNAME,CITYNAME,
P_NonControllableFitting,COMMENTS,,COMMENTS,COMMENTS,
P_NonControllableFitting,CONNECTIONTYPE,End Connections,,,
P_NonControllableFitting,CONTINM,From Measure,,,
P_NonControllableFitting,CONTINROUTEID,Route ID,,,
P_NonControllableFitting,CONTINROUTENAME,TR,,,
P_NonControllableFitting,COUNTYNAME,,COUNTYNAME,COUNTYNAME,
P_NonControllableFitting,CPMETHOD,,CPMETHOD,CPMETHOD,
P_NonControllableFitting,CPSYSTEMNAME,,CPSYSTEMNAME,CPSYSTEMNAME,
P_NonControllableFitting,CPTYPE,,CPTYPE,CPTYPE,
P_NonControllableFitting,CREATIONUSER,,,,
P_NonControllableFitting,CUNUMLASTSAVED,,CUNUMLASTSAVED,CUNUMLASTSAVED,
P_NonControllableFitting,DATECREATED,,,,
P_NonControllableFitting,DATEMODIFIED,,,,
P_NonControllableFitting,DATERETIRED,,DATERETIRED,DATERETIRED,
P_NonControllableFitting,DEPTH,,DEPTH,DEPTH,
P_NonControllableFitting,DETAILINDICATOR,,DETAILINDICATOR,DETAILINDICATOR,
P_NonControllableFitting,DEVICENUMBER,,DEVICENUMBER,DEVICENUMBER,
P_NonControllableFitting,DIVISION,,DIVISION,DIVISION,
P_NonControllableFitting,ENABLED,,ENABLED,ENABLED,
P_NonControllableFitting,EVENTID,EventID,EventID,EventID,
P_NonControllableFitting,FACILITYID,Facility ID-DO NOT EDIT,FACILITYID,FACILITYID,
P_NonControllableFitting,FITTINGSIZE,Outside Diameter [D],,,
P_NonControllableFitting,FITTINGTYPE,Feature,,,
P_NonControllableFitting,FROMDATE,,FROMDATE,,
P_NonControllableFitting,GASTRACEWEIGHT,,GASTRACEWEIGHT,GASTRACEWEIGHT,
P_NonControllableFitting,GISSYSTEMTYPE,,GISSYSTEMTYPE,GISSYSTEMTYPE,
P_NonControllableFitting,GPSX,,GPSX,GPSX,
P_NonControllableFitting,GPSY,,GPSY,GPSY,
P_NonControllableFitting,INSERVICEDATE,,INSERVICEDATE,INSERVICEDATE,
P_NonControllableFitting,INSIDEFENCEINDICATOR,,INSIDEFENCEINDICATOR,INSIDEFENCEINDICATOR,
P_NonControllableFitting,INSTALLATIONDATE,Feature Install Date,,,
P_NonControllableFitting,INSTALLMETHOD,Above Ground/Below Ground,,,
P_NonControllableFitting,INSTALLPERSON,,INSTALLPERSON,INSTALLPERSON,
P_NonControllableFitting,INSULATEDINDICATOR,,INSULATEDINDICATOR,INSULATEDINDICATOR,
P_NonControllableFitting,JOBMODIFYNAME,,JOBMODIFYNAME,JOBMODIFYNAME,
P_NonControllableFitting,JOBPLACENAME,,JOBPLACENAME,JOBPLACENAME,
P_NonControllableFitting,LASTUSER,,LASTUSER,LASTUSER,
P_NonControllableFitting,LASTUSERNAME,,LASTUSERNAME,LASTUSERNAME,
P_NonControllableFitting,LINENUMBER,,LINENUMBER,LINENUMBER,
P_NonControllableFitting,LOCATIONERROR,,,,
P_NonControllableFitting,MANUFACTURELOTNUMBER,,MANUFACTURELOTNUMBER,MANUFACTURELOTNUMBER,
P_NonControllableFitting,MANUFACTURER,Manufacturer,,,
P_NonControllableFitting,MANUFACTURERDATE,,MANUFACTURERDATE,MANUFACTURERDATE,
P_NonControllableFitting,MANUFACTURERMODEL,Model Number,,,
P_NonControllableFitting,MAOPDESIGN,DP of Pipe 192.619(a)(1),,,
P_NonControllableFitting,MAOPFEATURE,,MAOPFEATURE,MAOPFEATURE,
P_NonControllableFitting,MAOPRECORD,Governing MAOP,,,
P_NonControllableFitting,MAOPTEST,Test Pressure 192.619(a)(2),,,
P_NonControllableFitting,MAOPUNITOFMEASURE,,MAOPUNITOFMEASURE,MAOPUNITOFMEASURE,
P_NonControllableFitting,MXCREATIONSTATE,,MXCREATIONSTATE,MXCREATIONSTATE,
P_NonControllableFitting,MXSITEID,,MXSITEID,MXSITEID,
P_NonControllableFitting,NOMINALDIAMETER,,NOMINALDIAMETER,NOMINALDIAMETER,
P_NonControllableFitting,OPCENTER,,OPCENTER,OPCENTER,
P_NonControllableFitting,OPCENTERCSS,,OPCENTERCSS,OPCENTERCSS,
P_NonControllableFitting,OUTAGEZONE1,,OUTAGEZONE1,OUTAGEZONE1,
P_NonControllableFitting,OWNER,,OWNER,OWNER,
P_NonControllableFitting,PARTNUMBER,,PARTNUMBER,PARTNUMBER,
P_NonControllableFitting,PIPEGRADE,Grade,,,
P_NonControllableFitting,POLYTYPE,,POLYTYPE,POLYTYPE,
P_NonControllableFitting,PRESSURECLASS,,PRESSURECLASS,PRESSURECLASS,
P_NonControllableFitting,PRESSURESYSTEMNAME,GSID,,,
P_NonControllableFitting,PROJECTNUMBER,,PROJECTNUMBER,PROJECTNUMBER,
P_NonControllableFitting,PROJECTNUMBERRETIRED,,PROJECTNUMBERRETIRED,PROJECTNUMBERRETIRED,
P_NonControllableFitting,REFLOCATION,,REFLOCATION,REFLOCATION,
P_NonControllableFitting,REFMETHOD,,REFMETHOD,REFMETHOD,
P_NonControllableFitting,REFOFFSET,,REFOFFSET,REFOFFSET,
P_NonControllableFitting,SDR,,SDR,SDR,
P_NonControllableFitting,SPATIALACCURACY,,SPATIALACCURACY,SPATIALACCURACY,
P_NonControllableFitting,SPECWALL,Wall Thickness [t],,,
P_NonControllableFitting,STATENAME,,STATENAME,STATENAME,
P_NonControllableFitting,STATUS,,STATUS,STATUS,
P_NonControllableFitting,STOCKNUMBER,,STOCKNUMBER,STOCKNUMBER,
P_NonControllableFitting,STOPPERRATING,,STOPPERRATING,STOPPERRATING,
P_NonControllableFitting,STYLE,Feature Type,,,
P_NonControllableFitting,STYLEDEFAULT,,STYLEDEFAULT,STYLEDEFAULT,
P_NonControllableFitting,SUBSIDIARY,,SUBSIDIARY,SUBSIDIARY,
P_NonControllableFitting,SUBTYPECD,,SUBTYPECD,SUBTYPECD,
P_NonControllableFitting,SYMBOLROTATION,,SYMBOLROTATION,SYMBOLROTATION,
P_NonControllableFitting,SYMBOLSCALE,,SYMBOLSCALE,SYMBOLSCALE,
P_NonControllableFitting,SYSTEMTYPE,,SYSTEMTYPE,SYSTEMTYPE,
P_NonControllableFitting,TAPSIZE,,TAPSIZE,TAPSIZE,
P_NonControllableFitting,TAPTYPE,,TAPTYPE,TAPTYPE,
P_NonControllableFitting,TEESIZE,,TEESIZE,TEESIZE,
P_NonControllableFitting,TODATE,,TODATE,,
P_NonControllableFitting,TOWNGASNAME,,TOWNGASNAME,TOWNGASNAME,
P_NonControllableFitting,TOWNSHIP,,TOWNSHIP,TOWNSHIP,
P_NonControllableFitting,TOWNSHIPQQS,,TOWNSHIPQQS,TOWNSHIPQQS,
P_NonControllableFitting,WORKORDERID,Work Order Number,,,
P_NonControllableFitting,WORKORDERIDRETIRED,,WORKORDERIDRETIRED,WORKORDERIDRETIRED,
P_NonControllableFitting,YEARINSTALLED,,YEARINSTALLED,YEARINSTALLED,
P_NonControllableFitting,GLOBALID,,,,
P_NonControllableFitting,MXASSETNUM,Maximo Asset Number-DO NOT EDIT,,,
P_NonControllableFitting,SHAPE,,,,
P_NonControllableFitting,WORKREQUESTID,,WORKREQUESTID,WORKREQUESTID,
P_NonControllableFitting,DESIGNID,,DESIGNID,DESIGNID,
P_NonControllableFitting,WORKLOCATIONID,,WORKLOCATIONID,WORKLOCATIONID,
P_NonControllableFitting,WORKFLOWSTATUS,,WORKFLOWSTATUS,WORKFLOWSTATUS,
P_NonControllableFitting,WORKFUNCTION,,WORKFUNCTION,WORKFUNCTION,
P_NonControllableFitting,CHANGEDATABASE,,CHANGEDATABASE,CHANGEDATABASE,
P_NonControllableFitting,INCOMPLETERECORDS,,INCOMPLETERECORDS,INCOMPLETERECORDS,
P_NonControllableFitting,PIGBARS,,PIGBARS,PIGBARS,
P_NonControllableFitting,PIGBARDETAILS,,PIGBARDETAILS,PIGBARDETAILS,
P_NonControllableFitting,MXGASHIERARCHYID,,MXGASHIERARCHYID,MXGASHIERARCHYID,
P_NonControllableFitting,ANSIPRESSURECLASS,Rating Class,,,
P_NonControllableFitting,SMYS,SMYS [S],,,
P_NonControllableFitting,SEAMTYPE,SeamType,,,
P_NonControllableFitting,LOCATIONDESCRIPTION,,LOCATIONDESCRIPTION,LOCATIONDESCRIPTION,
P_NonControllableFitting,MATERIAL,Material Type,,,
P_NonControllableFitting,COLLECTIONDATE,,COLLECTIONDATE,,
P_NonControllableFitting,COLLECTIONUPDATEDATE,,COLLECTIONUPDATEDATE,,
P_NonControllableFitting,COLLECTIONUSER,,COLLECTIONUSER,,
P_NonControllableFitting,ESRIGNSS_ALTITUDE,,ESRIGNSS_ALTITUDE,,
P_NonControllableFitting,ESRIGNSS_AVG_H_RMS,,ESRIGNSS_AVG_H_RMS,,
P_NonControllableFitting,ESRIGNSS_AVG_POSITIONS,,ESRIGNSS_AVG_POSITIONS,,
P_NonControllableFitting,ESRIGNSS_AVG_V_RMS,,ESRIGNSS_AVG_V_RMS,,
P_NonControllableFitting,ESRIGNSS_CORRECTIONAGE,,ESRIGNSS_CORRECTIONAGE,,
P_NonControllableFitting,ESRIGNSS_DIRECTION,,ESRIGNSS_DIRECTION,,
P_NonControllableFitting,ESRIGNSS_FIXDATETIME,,ESRIGNSS_FIXDATETIME,,
P_NonControllableFitting,ESRIGNSS_H_RMS,,ESRIGNSS_H_RMS,,
P_NonControllableFitting,ESRIGNSS_H_STDDEV,,ESRIGNSS_H_STDDEV,,
P_NonControllableFitting,ESRIGNSS_HDOP,,ESRIGNSS_HDOP,,
P_NonControllableFitting,ESRIGNSS_LATITUDE,,ESRIGNSS_LATITUDE,,
P_NonControllableFitting,ESRIGNSS_LONGITUDE,,ESRIGNSS_LONGITUDE,,
P_NonControllableFitting,ESRIGNSS_PDOP,,ESRIGNSS_PDOP,,
P_NonControllableFitting,ESRIGNSS_RECEIVER,,ESRIGNSS_RECEIVER,,
P_NonControllableFitting,ESRIGNSS_SPEED,,ESRIGNSS_SPEED,,
P_NonControllableFitting,ESRIGNSS_STATIONID,,ESRIGNSS_STATIONID,,
P_NonControllableFitting,ESRIGNSS_V_RMS,,ESRIGNSS_V_RMS,,
P_NonControllableFitting,ESRIGNSS_VDOP,,ESRIGNSS_VDOP,,
P_NonControllableFitting,ESRISNSR_AZIMUTH,,ESRISNSR_AZIMUTH,,
P_NonControllableFitting,FUSIONFORMNUMBER,,FUSIONFORMNUMBER,,
P_NonControllableFitting,FUSIONSERIALNUMBER,,FUSIONSERIALNUMBER,,
P_NonControllableFitting,INSPECTORCOMPANY,,INSPECTORCOMPANY,,
P_NonControllableFitting,INSPECTORNAME,,INSPECTORNAME,,
P_NonControllableFitting,INSTALLERCOMPANY,,INSTALLERCOMPANY,,
P_NonControllableFitting,INSTALLPERSONID,,INSTALLPERSONID,,
P_NonControllableFitting,INSTALLPERSONNAME,,INSTALLPERSONNAME,,
P_NonControllableFitting,LV_ID,,LV_ID,,
P_NonControllableFitting,LV_PROJECTID,,LV_PROJECTID,,
P_NonControllableFitting,LV_UID,,LV_UID,,
P_NonControllableFitting,LV_WORKUNITID,,LV_WORKUNITID,,
P_NonControllableFitting,ESRIGNSS_FIXTYPE,,ESRIGNSS_FIXTYPE,,
P_NonControllableFitting,ESRIGNSS_NUMSATS,,ESRIGNSS_NUMSATS,,
P_NonControllableFitting,RATING,,RATING,,
P_NonControllableFitting,SCHEDULE,,SCHEDULE,,
P_NonControllableFitting,SDR2,,SDR2,,
P_NonControllableFitting,SPECIFICATION,,SPECIFICATION,,
P_NonControllableFitting,WELDER1,,WELDER1,,
P_NonControllableFitting,WELDER2,,WELDER2,,
P_NonControllableFitting,WELDER3,,WELDER3,,
P_NonControllableFitting,WELDER4,,WELDER4,,
P_NonControllableFitting,WELDNUMBER,,WELDNUMBER,,
P_NonControllableFitting,ESRIGNSS_POSITIONSOURCETYPE,,ESRIGNSS_POSITIONSOURCETYPE,,
P_NonControllableFitting,NOMINALDIAMETER2,,NOMINALDIAMETER2,,
P_NonControllableFitting,XRAYNUMBER,,XRAYNUMBER,,
P_NonControllableFitting,WALLTHICKNESS,,WALLTHICKNESS,,
P_NonControllableFitting,WALLTHICKNESS2,,WALLTHICKNESS2,,
P_NonControllableFitting,RADIUS,,RADIUS,,
P_NonControllableFitting,ASTMCATEGORY,,ASTMCATEGORY,,
P_NonControllableFitting,ASTMSIZESTANDARD1,,ASTMSIZESTANDARD1,,
P_NonControllableFitting,ASTMSIZESTANDARD2,,ASTMSIZESTANDARD2,,
P_NonControllableFitting,ASTMSUBCATEGORY,,ASTMSUBCATEGORY,,
P_NonControllableFitting,DEGREE,,DEGREE,,
P_NonControllableFitting,EWNCODE,,EWNCODE,,
P_NonControllableFitting,FLANGEFACE,,FLANGEFACE,,
P_NonControllableFitting,MANUFACTUREROTHER,,MANUFACTUREROTHER,,
P_Pipes,OBJECTID,,,,
P_Pipes,ABANDONEDINDICATOR,,ABANDONEDINDICATOR,ABANDONEDINDICATOR,
P_Pipes,ACTUALINTERNALDIAMETER,,,,
P_Pipes,ASSETGROUP,,ASSETGROUP,ASSETGROUP,
P_Pipes,ASSETSTYLE,,ASSETSTYLE,ASSETSTYLE,
P_Pipes,ASSETTYPE,,ASSETTYPE,ASSETTYPE,
P_Pipes,ASSETUNITCODE,,ASSETUNITCODE,ASSETUNITCODE,
P_Pipes,BARCODE,,BARCODE,BARCODE,
P_Pipes,CITYNAME,,CITYNAME,CITYNAME,
P_Pipes,COATINGAPPLICATIONDATE,,COATINGAPPLICATIONDATE,COATINGAPPLICATIONDATE,
P_Pipes,COATINGTYPE,Coating Type,,,Check
P_Pipes,COMMENTS,,COMMENTS,COMMENTS,
P_Pipes,COMMODITY,,COMMODITY,COMMODITY,
P_Pipes,CONTINFROMM,From Measure,,,
P_Pipes,CONTINROUTEID,Route ID,,,Check
P_Pipes,CONTINROUTENAME,TR,,,Check
P_Pipes,CONTINTOM,To Measure,,,
P_Pipes,CONTRACTNUMBER,,CONTRACTNUMBER,CONTRACTNUMBER,
P_Pipes,COUNTYNAME,,COUNTYNAME,COUNTYNAME,
P_Pipes,CPSYSTEMNAME,,CPSYSTEMNAME,CPSYSTEMNAME,
P_Pipes,CPTYPE,,CPTYPE,CPTYPE,
P_Pipes,CREATIONUSER,,CREATIONUSER,CREATIONUSER,
P_Pipes,CRITICALINDICATOR,,CRITICALINDICATOR,CRITICALINDICATOR,
P_Pipes,CROSSINGTYPE,Crossing Type,,,Check
P_Pipes,CUNUMLASTSAVED,,CUNUMLASTSAVED,CUNUMLASTSAVED,
P_Pipes,DATECREATED,,DATECREATED,DATECREATED,
P_Pipes,DATEMODIFIED,,DATEMODIFIED,DATEMODIFIED,
P_Pipes,DATERETIRED,,DATERETIRED,DATERETIRED,
P_Pipes,DATEUPRATED,,DATEUPRATED,DATEUPRATED,
P_Pipes,DESIGNCLASS,,DESIGNCLASS,DESIGNCLASS,
P_Pipes,DESIGNFACTOR,Design Factor [F],,,Check
P_Pipes,DESIGNPRESSUREENTERED,,DESIGNPRESSUREENTERED,DESIGNPRESSUREENTERED,
P_Pipes,DESIGNPRESSURESTANDARD,,DESIGNPRESSURESTANDARD,DESIGNPRESSURESTANDARD,
P_Pipes,DESIGNPRESSUREUNITOFMEASURE,,DESIGNPRESSUREUNITOFMEASURE,DESIGNPRESSUREUNITOFMEASURE,
P_Pipes,DETAILINDICATOR,,DETAILINDICATOR,DETAILINDICATOR,
P_Pipes,DIAMETERUNITS,,DIAMETERUNITS,DIAMETERUNITS,
P_Pipes,DIFFICULTLOCATEINDICATOR,,DIFFICULTLOCATEINDICATOR,DIFFICULTLOCATEINDICATOR,
P_Pipes,DIVISION,,DIVISION,DIVISION,
P_Pipes,ELECTRICSURVEYINDICATOR,,ELECTRICSURVEYINDICATOR,ELECTRICSURVEYINDICATOR,
P_Pipes,EMERISOSYS_GLOBALID,,EMERISOSYS_GLOBALID,EMERISOSYS_GLOBALID,
P_Pipes,ENABLED,,ENABLED,ENABLED,
P_Pipes,EVENTID,EventID,EVENTID,EVENTID,Check
P_Pipes,FACILITYID,Facility ID-DO NOT EDIT,FACILITYID,FACILITYID,Check
P_Pipes,FACILITYIDORIG,,FACILITYIDORIG,FACILITYIDORIG,
P_Pipes,FIVEYEARHISTORY,,FIVEYEARHISTORY,FIVEYEARHISTORY,
P_Pipes,FROMDATE,,FROMDATE,FROMDATE,
P_Pipes,FROMREFLOCATION,,FROMREFLOCATION,FROMREFLOCATION,
P_Pipes,FROMREFMETHOD,,FROMREFMETHOD,FROMREFMETHOD,
P_Pipes,FROMREFOFFSET,,FROMREFOFFSET,FROMREFOFFSET,
P_Pipes,GASTRACEWEIGHT,,GASTRACEWEIGHT,GASTRACEWEIGHT,
P_Pipes,GIRTHWELDTYPE,,GIRTHWELDTYPE,GIRTHWELDTYPE,
P_Pipes,GISSYSTEMTYPE,,GISSYSTEMTYPE,GISSYSTEMTYPE,
P_Pipes,INSERTIONCOMMENT,,INSERTIONCOMMENT,INSERTIONCOMMENT,
P_Pipes,INSERTMATERIAL,,INSERTMATERIAL,INSERTMATERIAL,
P_Pipes,INSERTSIZE,,INSERTSIZE,INSERTSIZE,
P_Pipes,INSERVICEDATE,,INSERVICEDATE,INSERVICEDATE,
P_Pipes,INSIDEDIAMETER,,INSIDEDIAMETER,INSIDEDIAMETER,
P_Pipes,INSIDEFENCEINDICATOR,,INSIDEFENCEINDICATOR,INSIDEFENCEINDICATOR,
P_Pipes,INSPECTIONTYPE,,INSPECTIONTYPE,INSPECTIONTYPE,
P_Pipes,INSTALLATIONDATE,Feature Install Date,,,Check
P_Pipes,INSTALLATIONMETHOD,Above Ground/Below Ground,,,Check
P_Pipes,JOBMODIFYNAME,,JOBMODIFYNAME,JOBMODIFYNAME,
P_Pipes,JOBPLACENAME,,JOBPLACENAME,JOBPLACENAME,
P_Pipes,JOINTTYPE,End Connections,,,Check
P_Pipes,LASTUSER,,LASTUSER,LASTUSER,
P_Pipes,LASTUSERNAME,,LASTUSERNAME,LASTUSERNAME,
P_Pipes,LEAKSURVEYNUMBER,,LEAKSURVEYNUMBER,LEAKSURVEYNUMBER,
P_Pipes,LENGTHSOURCE,,LENGTHSOURCE,LENGTHSOURCE,
P_Pipes,LINENUMBER,,LINENUMBER,LINENUMBER,
P_Pipes,LOCATIONERROR,,,,
P_Pipes,LONGITUDINALSEAMORIENTATION,,LONGITUDINALSEAMORIENTATION,LONGITUDINALSEAMORIENTATION,
P_Pipes,MANUFACTURELOTNUMBER,,MANUFACTURELOTNUMBER,MANUFACTURELOTNUMBER,
P_Pipes,MANUFACTURER,Manufacturer,,,Check
P_Pipes,MANUFACTURERDATE,,MANUFACTURERDATE,MANUFACTURERDATE,
P_Pipes,MANUFACTURERMODEL,,MANUFACTURERMODEL,MANUFACTURERMODEL,
P_Pipes,MAOPDESIGN,DP of Pipe 192.619(a)(1),,,Check
P_Pipes,MAOPFEATURE,,MAOPFEATURE,MAOPFEATURE,
P_Pipes,MAOPGRANDFATHERED,Grandfather Clause 192.619(c),,,Check
P_Pipes,MAOPRECORD,Governing MAOP,,,Check
P_Pipes,MAOPTEST,Test Pressure 192.619(a)(2),,,Check
P_Pipes,MAOPUNITOFMEASURE,,MAOPUNITOFMEASURE,MAOPUNITOFMEASURE,
P_Pipes,MATERIAL,Material Type,,,Check
P_Pipes,MEASUREDLENGTH,,,,
P_Pipes,MXCREATIONSTATE,,MXCREATIONSTATE,MXCREATIONSTATE,
P_Pipes,MXSITEID,,MXSITEID,MXSITEID,
P_Pipes,NOMINALDIAMETER,,NOMINALDIAMETER,NOMINALDIAMETER,
P_Pipes,OPCENTER,,OPCENTER,OPCENTER,
P_Pipes,OPCENTERCSS,,OPCENTERCSS,OPCENTERCSS,
P_Pipes,OUTAGEZONE1,,OUTAGEZONE1,OUTAGEZONE1,
P_Pipes,OUTSIDEDIAMETER,Outside Diameter [D],,,Check
P_Pipes,OWNER,,OWNER,OWNER,
P_Pipes,PATROLNUMBER,,PATROLNUMBER,PATROLNUMBER,
P_Pipes,PERCENTSMYS,% SMYS,,,Check
P_Pipes,PIGGABLE,,PIGGABLE,PIGGABLE,
P_Pipes,PIGGABLEROUTE,,PIGGABLEROUTE,PIGGABLEROUTE,
P_Pipes,PIMCOMPONENT,,PIMCOMPONENT,PIMCOMPONENT,
P_Pipes,PINCHABLE,,PINCHABLE,PINCHABLE,
P_Pipes,PIPEGRADE,Grade,,,Check
P_Pipes,PIPESPECIFICATION,Specification,,,Check
P_Pipes,PIPESTRENGTHTESTDATE,PT Date,,,Check
P_Pipes,PIPESTRENGTHTESTDURATION,PT Duration Hours,,,Check
P_Pipes,PIPESTRENGTHTESTMEDIUM,PT Test Medium,,,Check
P_Pipes,PIPESTRENGTHTESTPRESSURE,PT Min Test Pressure,,,Check
P_Pipes,PIPETESTDATE,,PIPETESTDATE,PIPETESTDATE,
P_Pipes,PIPETESTDURATION,,PIPETESTDURATION,PIPETESTDURATION,
P_Pipes,PIPETESTMEDIUM,,PIPETESTMEDIUM,PIPETESTMEDIUM,
P_Pipes,PIPETESTPRESSURE,,PIPETESTPRESSURE,PIPETESTPRESSURE,
P_Pipes,POLYTYPE,,POLYTYPE,POLYTYPE,
P_Pipes,PRESSURECLASS,,PRESSURECLASS,PRESSURECLASS,
P_Pipes,PRESSUREESTABLISHEDBY,,PRESSUREESTABLISHEDBY,PRESSUREESTABLISHEDBY,
P_Pipes,PRESSURESYSTEMNAME,GSID,,,Check
P_Pipes,PROJECTNUMBER,,PROJECTNUMBER,PROJECTNUMBER,
P_Pipes,PROJECTNUMBERRETIRED,,PROJECTNUMBERRETIRED,PROJECTNUMBERRETIRED,
P_Pipes,SDR,,SDR,SDR,
P_Pipes,SEAMTYPE,SeamType,,,Check
P_Pipes,SMYS,SMYS [S],,,Check
P_Pipes,SPATIALACCURACY,,SPATIALACCURACY,SPATIALACCURACY,
P_Pipes,STATENAME,,STATENAME,STATENAME,
P_Pipes,STATUS,,STATUS,STATUS,
P_Pipes,STOCKNUMBER,,STOCKNUMBER,STOCKNUMBER,
P_Pipes,STYLEDEFAULT1,,STYLEDEFAULT1,STYLEDEFAULT1,
P_Pipes,STYLEDEFAULT2,,STYLEDEFAULT2,STYLEDEFAULT2,
P_Pipes,STYLEDEFAULT3,,STYLEDEFAULT3,STYLEDEFAULT3,
P_Pipes,SUBSIDIARY,,SUBSIDIARY,SUBSIDIARY,
P_Pipes,SYSTEMTYPE,,SYSTEMTYPE,SYSTEMTYPE,
P_Pipes,TESTEDBY,PT Person Responsible,,,Check
P_Pipes,TODATE,,TODATE,TODATE,
P_Pipes,TOREFLOCATION,,TOREFLOCATION,TOREFLOCATION,
P_Pipes,TOREFMETHOD,,TOREFMETHOD,TOREFMETHOD,
P_Pipes,TOREFOFFSET,,TOREFOFFSET,TOREFOFFSET,
P_Pipes,TOWNGASNAME,,TOWNGASNAME,TOWNGASNAME,
P_Pipes,TOWNSHIP,,TOWNSHIP,TOWNSHIP,
P_Pipes,TOWNSHIPQQS,,TOWNSHIPQQS,TOWNSHIPQQS,
P_Pipes,TRACERWIRE,,TRACERWIRE,TRACERWIRE,
P_Pipes,UPRATEDPRESSURE,,UPRATEDPRESSURE,UPRATEDPRESSURE,
P_Pipes,UPRATEDWORKORDER,,UPRATEDWORKORDER,UPRATEDWORKORDER,
P_Pipes,WALLTHICKNESS,Wall Thickness [t],,,Check
P_Pipes,WARNINGTAPE,,WARNINGTAPE,WARNINGTAPE,
P_Pipes,WORKORDERID,Work Order Number,,,Check
P_Pipes,WORKORDERIDRETIRED,,WORKORDERIDRETIRED,WORKORDERIDRETIRED,
P_Pipes,XRAYPERCENT,,XRAYPERCENT,XRAYPERCENT,
P_Pipes,YEARINSTALLED,,YEARINSTALLED,YEARINSTALLED,
P_Pipes,GLOBALID,,,,
P_Pipes,DEVICENUMBER,,DEVICENUMBER,DEVICENUMBER,
P_Pipes,TRACEPRESSURE,,TRACEPRESSURE,TRACEPRESSURE,
P_Pipes,MXASSETNUM,Maximo Asset Number-DO NOT EDIT,,,Check
P_Pipes,SHAPE,,,,
P_Pipes,WORKREQUESTID,,WORKREQUESTID,WORKREQUESTID,
P_Pipes,DESIGNID,,DESIGNID,DESIGNID,
P_Pipes,WORKLOCATIONID,,WORKLOCATIONID,WORKLOCATIONID,
P_Pipes,WORKFLOWSTATUS,,WORKFLOWSTATUS,WORKFLOWSTATUS,
P_Pipes,WORKFUNCTION,,WORKFUNCTION,WORKFUNCTION,
P_Pipes,GISDNUMBER,,GISDNUMBER,GISDNUMBER,
P_Pipes,INCOMPLETERECORDS,,INCOMPLETERECORDS,INCOMPLETERECORDS,
P_Pipes,CHANGEDATABASE,,CHANGEDATABASE,CHANGEDATABASE,
P_Pipes,CLASSMAX,,CLASSMAX,CLASSMAX,
P_Pipes,MXASSETLOC,,MXASSETLOC,MXASSETLOC,
P_Pipes,MXCHANGEDATE,,MXCHANGEDATE,MXCHANGEDATE,
P_Pipes,MXGASHIERARCHYID,,MXGASHIERARCHYID,MXGASHIERARCHYID,
P_Pipes,MXINDICATOR,,MXINDICATOR,MXINDICATOR,
P_Pipes,SERVICECENTER,,SERVICECENTER,SERVICECENTER,
P_Pipes,COATINGDESCRIPTION,Coating Description,,,Check
P_Pipes,LOCATIONDESCRIPTION,,LOCATIONDESCRIPTION,LOCATIONDESCRIPTION,
P_Pipes,ESRIGNSS_FIXTYPE,,ESRIGNSS_FIXTYPE,,
P_Pipes,ESRIGNSS_NUMSATS,,ESRIGNSS_NUMSATS,,
P_Pipes,LV_PROJECTID,,LV_PROJECTID,,
P_Pipes,LV_ID,,LV_ID,,
P_Pipes,LV_UID,,LV_UID,,
P_Pipes,LV_WORKUNITID,,LV_WORKUNITID,,
P_Pipes,ESRIGNSS_RECEIVER,,ESRIGNSS_RECEIVER,,
P_Pipes,ESRIGNSS_LATITUDE,,ESRIGNSS_LATITUDE,,
P_Pipes,ESRIGNSS_LONGITUDE,,ESRIGNSS_LONGITUDE,,
P_Pipes,ESRIGNSS_ALTITUDE,,ESRIGNSS_ALTITUDE,,
P_Pipes,ESRIGNSS_H_RMS,,ESRIGNSS_H_RMS,,
P_Pipes,ESRIGNSS_V_RMS,,ESRIGNSS_V_RMS,,
P_Pipes,ESRIGNSS_FIXDATETIME,,ESRIGNSS_FIXDATETIME,,
P_Pipes,ESRIGNSS_CORRECTIONAGE,,ESRIGNSS_CORRECTIONAGE,,
P_Pipes,ESRIGNSS_STATIONID,,ESRIGNSS_STATIONID,,
P_Pipes,ESRIGNSS_PDOP,,ESRIGNSS_PDOP,,
P_Pipes,ESRIGNSS_HDOP,,ESRIGNSS_HDOP,,
P_Pipes,ESRIGNSS_VDOP,,ESRIGNSS_VDOP,,
P_Pipes,ESRIGNSS_DIRECTION,,ESRIGNSS_DIRECTION,,
P_Pipes,ESRIGNSS_SPEED,,ESRIGNSS_SPEED,,
P_Pipes,ESRISNSR_AZIMUTH,,ESRISNSR_AZIMUTH,,
P_Pipes,ESRIGNSS_AVG_H_RMS,,ESRIGNSS_AVG_H_RMS,,
P_Pipes,ESRIGNSS_AVG_V_RMS,,ESRIGNSS_AVG_V_RMS,,
P_Pipes,ESRIGNSS_AVG_POSITIONS,,ESRIGNSS_AVG_POSITIONS,,
P_Pipes,ESRIGNSS_H_STDDEV,,ESRIGNSS_H_STDDEV,,
P_Pipes,ESRIGNSS_POSITIONSOURCETYPE,,ESRIGNSS_POSITIONSOURCETYPE,,
P_Pipes,INSTALLPERSONNAME,,INSTALLPERSONNAME,,
P_Pipes,INSTALLPERSONID,,INSTALLPERSONID,,
P_Pipes,INSPECTORNAME,,INSPECTORNAME,,
P_Pipes,INSTALLERCOMPANY,,INSTALLERCOMPANY,,
P_Pipes,INSPECTORCOMPANY,,INSPECTORCOMPANY,,
P_Pipes,PRESSURETESTFORMNUMBER,,PRESSURETESTFORMNUMBER,,
P_Pipes,INSTALLFORMNUMBER,,INSTALLFORMNUMBER,,
P_Pipes,MANUFACTUREROTHER,,MANUFACTUREROTHER,,
P_Pipes,PRESSURETESTNUMBER,,PRESSURETESTNUMBER,,
P_Pipes,PROJECTFORMNUMBER,,PROJECTFORMNUMBER,,
P_Pipes,COLLECTIONUSER,,COLLECTIONUSER,,
P_Pipes,COLLECTIONDATE,,COLLECTIONDATE,,
P_Pipes,COLLECTIONUPDATEDATE,,COLLECTIONUPDATEDATE,,
P_Pipes,VERTICELONGITUDE,,VERTICELONGITUDE,,
P_Pipes,VERTICELATITUDE,,VERTICELATITUDE,,
P_Pipes,ASTMCATEGORY,,ASTMCATEGORY,,
P_Pipes,ASTMSIZESTANDARD1,,ASTMSIZESTANDARD1,,
P_Pipes,ASTMSIZESTANDARD2,,ASTMSIZESTANDARD2,,
P_Pipes,ASTMSUBCATEGORY,,ASTMSUBCATEGORY,,
P_Pipes,MANUFACTURECOMPONENT,,MANUFACTURECOMPONENT,,
P_Pipes,SCHEDULE,,SCHEDULE,,
P_Pipes,VERTICEACCURACY,,VERTICEACCURACY,,
P_Pipes,VERTICEALTITUDE,,VERTICEALTITUDE,,
P_Pipes,VERTICEDEPTH,,VERTICEDEPTH,,
P_Pipes,ESRIGNSS_ALTITUDE_VERTICES,,ESRIGNSS_ALTITUDE_VERTICES,,
P_Pipes,ESRIGNSS_H_RMS_VERTICES,,ESRIGNSS_H_RMS_VERTICES,,
P_Pipes,ESRIGNSS_LATITUDE_VERTICES,,ESRIGNSS_LATITUDE_VERTICES,,
P_Pipes,ESRIGNSS_LONGITUDE_VERTICES,,ESRIGNSS_LONGITUDE_VERTICES,,
P_Pipes,ESRIGNSS_V_RMS_VERTICES,,ESRIGNSS_V_RMS_VERTICES,,
P_Pipes,SHAPE_Length,,,,
P_ControllableFitting,OBJECTID,,,,
P_ControllableFitting,ABANDONEDINDICATOR,,ABANDONEDINDICATOR,,
P_ControllableFitting,ANCILLARYROLE,,ANCILLARYROLE,,
P_ControllableFitting,ASSETGROUP,,ASSETGROUP,,
P_ControllableFitting,ASSETTYPE,,ASSETTYPE,,
P_ControllableFitting,ASSETUNITCODE,,ASSETUNITCODE,,
P_ControllableFitting,BARCODE,,BARCODE,,
P_ControllableFitting,BONDEDINDICATOR,,BONDEDINDICATOR,,
P_ControllableFitting,CITYNAME,,CITYNAME,,
P_ControllableFitting,COMMENTS,,COMMENTS,,
P_ControllableFitting,CONNECTIONTYPE,End Connections,,,
P_ControllableFitting,CONTINM,From Measure,,,
P_ControllableFitting,CONTINROUTEID,Route ID,,,
P_ControllableFitting,CONTINROUTENAME,TR,,,
P_ControllableFitting,COUNTYNAME,,COUNTYNAME,,
P_ControllableFitting,CPMETHOD,,CPMETHOD,,
P_ControllableFitting,CPSYSTEMNAME,,CPSYSTEMNAME,,
P_ControllableFitting,CPTYPE,,CPTYPE,,
P_ControllableFitting,CREATIONUSER,,,,
P_ControllableFitting,CUNUMLASTSAVED,,CUNUMLASTSAVED,,
P_ControllableFitting,DATECREATED,,,,
P_ControllableFitting,DATEMODIFIED,,,,
P_ControllableFitting,DATERETIRED,,DATERETIRED,,
P_ControllableFitting,DEPTH,,DEPTH,,
P_ControllableFitting,DETAILINDICATOR,,DETAILINDICATOR,,
P_ControllableFitting,DIVISION,,DIVISION,,
P_ControllableFitting,ENABLED,,ENABLED,,
P_ControllableFitting,EVENTID,EventID,,,
P_ControllableFitting,FACILITYID,Facility ID-DO NOT EDIT,FACILITYID,,
P_ControllableFitting,FITTINGSIZE,Outside Diameter [D],,,
P_ControllableFitting,FITTINGTYPE,Feature,,,
P_ControllableFitting,FROMDATE,,FROMDATE,,
P_ControllableFitting,GASTRACEWEIGHT,,GASTRACEWEIGHT,,
P_ControllableFitting,GISSYSTEMTYPE,,GISSYSTEMTYPE,,
P_ControllableFitting,GPSX,,GPSX,,
P_ControllableFitting,GPSY,,GPSY,,
P_ControllableFitting,INSERVICEDATE,,INSERVICEDATE,,
P_ControllableFitting,INSTALLATIONDATE,Feature Install Date,,,
P_ControllableFitting,INSULATEDINDICATOR,,INSULATEDINDICATOR,,
P_ControllableFitting,JOBMODIFYNAME,,JOBMODIFYNAME,,
P_ControllableFitting,JOBPLACENAME,,JOBPLACENAME,,
P_ControllableFitting,LASTUSER,,,,
P_ControllableFitting,LASTUSERNAME,,,,
P_ControllableFitting,LINENUMBER,,LINENUMBER,,
P_ControllableFitting,LOCATIONERROR,,,,
P_ControllableFitting,MANUFACTURELOTNUMBER,,MANUFACTURELOTNUMBER,,
P_ControllableFitting,MANUFACTURER,Manufacturer,,,
P_ControllableFitting,MANUFACTURERDATE,,MANUFACTURERDATE,,
P_ControllableFitting,MANUFACTURERMODEL,Model Number,,,
P_ControllableFitting,MAOPDESIGN,DP of Pipe 192.619(a)(1),,,
P_ControllableFitting,MAOPFEATURE,,MAOPFEATURE,,
P_ControllableFitting,MAOPRECORD,Governing MAOP,,,
P_ControllableFitting,MAOPTEST,Test Pressure 192.619(a)(2),,,
P_ControllableFitting,MAOPUNITOFMEASURE,,MAOPUNITOFMEASURE,,
P_ControllableFitting,MATERIAL,Material Type,,,
P_ControllableFitting,MXCREATIONSTATE,,MXCREATIONSTATE,,
P_ControllableFitting,MXSITEID,,MXSITEID,,
P_ControllableFitting,NOMINALDIAMETER,,NOMINALDIAMETER,,
P_ControllableFitting,NORMALPOSITION,,NORMALPOSITION,,
P_ControllableFitting,OPCENTER,,OPCENTER,,
P_ControllableFitting,OPCENTERCSS,,OPCENTERCSS,,
P_ControllableFitting,OUTAGEZONE1,,OUTAGEZONE1,,
P_ControllableFitting,OUTAGEZONE2,,OUTAGEZONE2,,
P_ControllableFitting,OWNER,,OWNER,,
P_ControllableFitting,PARTNUMBER,,PARTNUMBER,,
P_ControllableFitting,POLYTYPE,,POLYTYPE,,
P_ControllableFitting,PRESENTPOSITION,,PRESENTPOSITION,,
P_ControllableFitting,PRESSURECLASS,,PRESSURECLASS,,
P_ControllableFitting,PRESSURESYSTEMNAME,GSID,,,
P_ControllableFitting,PROJECTNUMBER,,PROJECTNUMBER,,
P_ControllableFitting,PROJECTNUMBERRETIRED,,PROJECTNUMBERRETIRED,,
P_ControllableFitting,REFLOCATION,,REFLOCATION,,
P_ControllableFitting,REFMETHOD,,REFMETHOD,,
P_ControllableFitting,REFOFFSET,,REFOFFSET,,
P_ControllableFitting,SDR,,SDR,,
P_ControllableFitting,SPATIALACCURACY,,SPATIALACCURACY,,
P_ControllableFitting,SPECWALL,,SPECWALL,,
P_ControllableFitting,STATENAME,,STATENAME,,
P_ControllableFitting,STATUS,,STATUS,,
P_ControllableFitting,STOCKNUMBER,,STOCKNUMBER,,
P_ControllableFitting,STOPPERRATING,,STOPPERRATING,,
P_ControllableFitting,STYLE,Feature Type,,,
P_ControllableFitting,STYLEDEFAULT,,STYLEDEFAULT,,
P_ControllableFitting,SUBSIDIARY,,SUBSIDIARY,,
P_ControllableFitting,SUBTYPECD,,SUBTYPECD,,
P_ControllableFitting,SYMBOLROTATION,,SYMBOLROTATION,,
P_ControllableFitting,SYMBOLSCALE,,SYMBOLSCALE,,
P_ControllableFitting,SYSTEMTYPE,,SYSTEMTYPE,,
P_ControllableFitting,TODATE,,TODATE,,
P_ControllableFitting,TOWNGASNAME,,TOWNGASNAME,,
P_ControllableFitting,TOWNSHIP,,TOWNSHIP,,
P_ControllableFitting,TOWNSHIPQQS,,TOWNSHIPQQS,,
P_ControllableFitting,WORKORDERID,Work Order Number,,,
P_ControllableFitting,WORKORDERIDRETIRED,,WORKORDERIDRETIRED,,
P_ControllableFitting,YEARINSTALLED,,YEARINSTALLED,,
P_ControllableFitting,GLOBALID,,,,
P_ControllableFitting,DEVICENUMBER,,DEVICENUMBER,,
P_ControllableFitting,MXASSETNUM,Maximo Asset Number-DO NOT EDIT,,,
P_ControllableFitting,SHAPE,,,,
P_ControllableFitting,WORKREQUESTID,,WORKREQUESTID,,
P_ControllableFitting,DESIGNID,,DESIGNID,,
P_ControllableFitting,WORKLOCATIONID,,WORKLOCATIONID,,
P_ControllableFitting,WORKFLOWSTATUS,,WORKFLOWSTATUS,,
P_ControllableFitting,WORKFUNCTION,,WORKFUNCTION,,
P_ControllableFitting,TAPSIZE,,TAPSIZE,,
P_ControllableFitting,TAPTYPE,,TAPTYPE,,
P_ControllableFitting,TEESIZE,,TEESIZE,,
P_ControllableFitting,INCOMPLETERECORDS,,INCOMPLETERECORDS,,
P_ControllableFitting,PIGBARS,,PIGBARS,,
P_ControllableFitting,PIGBARDETAILS,,PIGBARDETAILS,,
P_ControllableFitting,MXGASHIERARCHYID,,MXGASHIERARCHYID,,
P_ControllableFitting,INSTALLMETHOD,Above Ground/Below Ground,,,
P_ControllableFitting,LOCATIONDESCRIPTION,,LOCATIONDESCRIPTION,,
P_ControllableFitting,ANSIPRESSURECLASS,,ANSIPRESSURECLASS,,
P_ControllableFitting,ESRIGNSS_FIXTYPE,,ESRIGNSS_FIXTYPE,,
P_ControllableFitting,NOMINALDIAMETER2,,NOMINALDIAMETER2,,
P_ControllableFitting,SPECIFICATION,,SPECIFICATION,,
P_ControllableFitting,SDR2,,SDR2,,
P_ControllableFitting,ESRIGNSS_RECEIVER,,ESRIGNSS_RECEIVER,,
P_ControllableFitting,ESRIGNSS_LATITUDE,,ESRIGNSS_LATITUDE,,
P_ControllableFitting,ESRIGNSS_LONGITUDE,,ESRIGNSS_LONGITUDE,,
P_ControllableFitting,ESRIGNSS_ALTITUDE,,ESRIGNSS_ALTITUDE,,
P_ControllableFitting,ESRIGNSS_H_RMS,,ESRIGNSS_H_RMS,,
P_ControllableFitting,ESRIGNSS_V_RMS,,ESRIGNSS_V_RMS,,
P_ControllableFitting,ESRIGNSS_FIXDATETIME,,ESRIGNSS_FIXDATETIME,,
P_ControllableFitting,ESRIGNSS_CORRECTIONAGE,,ESRIGNSS_CORRECTIONAGE,,
P_ControllableFitting,ESRIGNSS_STATIONID,,ESRIGNSS_STATIONID,,
P_ControllableFitting,ESRIGNSS_PDOP,,ESRIGNSS_PDOP,,
P_ControllableFitting,ESRIGNSS_HDOP,,ESRIGNSS_HDOP,,
P_ControllableFitting,ESRIGNSS_VDOP,,ESRIGNSS_VDOP,,
P_ControllableFitting,ESRIGNSS_DIRECTION,,ESRIGNSS_DIRECTION,,
P_ControllableFitting,ESRIGNSS_SPEED,,ESRIGNSS_SPEED,,
P_ControllableFitting,ESRISNSR_AZIMUTH,,ESRISNSR_AZIMUTH,,
P_ControllableFitting,ESRIGNSS_AVG_H_RMS,,ESRIGNSS_AVG_H_RMS,,
P_ControllableFitting,ESRIGNSS_AVG_V_RMS,,ESRIGNSS_AVG_V_RMS,,
P_ControllableFitting,ESRIGNSS_AVG_POSITIONS,,ESRIGNSS_AVG_POSITIONS,,
P_ControllableFitting,ESRIGNSS_H_STDDEV,,ESRIGNSS_H_STDDEV,,
P_ControllableFitting,INSTALLPERSONNAME,,INSTALLPERSONNAME,,
P_ControllableFitting,INSTALLPERSONID,,INSTALLPERSONID,,
P_ControllableFitting,INSPECTORNAME,,INSPECTORNAME,,
P_ControllableFitting,INSTALLERCOMPANY,,INSTALLERCOMPANY,,
P_ControllableFitting,INSPECTORCOMPANY,,INSPECTORCOMPANY,,
P_ControllableFitting,LV_PROJECTID,,LV_PROJECTID,,
P_ControllableFitting,LV_ID,,LV_ID,,
P_ControllableFitting,LV_UID,,LV_UID,,
P_ControllableFitting,LV_WORKUNITID,,LV_WORKUNITID,,
P_ControllableFitting,PRESSURETESTFORMNUMBER,,PRESSURETESTFORMNUMBER,,
P_ControllableFitting,ESRIGNSS_NUMSATS,,ESRIGNSS_NUMSATS,,
P_ControllableFitting,ESRIGNSS_POSITIONSOURCETYPE,,ESRIGNSS_POSITIONSOURCETYPE,,
P_ControllableFitting,COLLECTIONUSER,,COLLECTIONUSER,,
P_ControllableFitting,COLLECTIONDATE,,COLLECTIONDATE,,
P_ControllableFitting,COLLECTIONUPDATEDATE,,COLLECTIONUPDATEDATE,,
P_ControllableFitting,WALLTHICKNESS,,WALLTHICKNESS,,
P_ControllableFitting,WALLTHICKNESS2,,WALLTHICKNESS2,,
P_ControllableFitting,ASTMCATEGORY,,ASTMCATEGORY,,
P_ControllableFitting,ASTMSIZESTANDARD1,,ASTMSIZESTANDARD1,,
P_ControllableFitting,ASTMSIZESTANDARD2,,ASTMSIZESTANDARD2,,
P_ControllableFitting,ASTMSUBCATEGORY,,ASTMSUBCATEGORY,,
P_ControllableFitting,EWNCODE,,EWNCODE,,
P_ControllableFitting,WELDER2,,WELDER2,,
P_ControllableFitting,WELDER,,WELDER,,
P_Valve,OBJECTID,,OBJECTID,,
P_Valve,ABANDONEDINDICATOR,,ABANDONEDINDICATOR,ABANDONEDINDICATOR,
P_Valve,ASSETGROUP,,ASSETGROUP,ASSETGROUP,
P_Valve,ASSETTYPE,,ASSETTYPE,ASSETTYPE,
P_Valve,ASSETUNITCODE,,ASSETUNITCODE,ASSETUNITCODE,
P_Valve,BARCODE,,BARCODE,BARCODE,
P_Valve,BONDEDINDICATOR,,BONDEDINDICATOR,BONDEDINDICATOR,
P_Valve,CITYNAME,,CITYNAME,CITYNAME,
P_Valve,CLOCKWISETOCLOSE,,CLOCKWISETOCLOSE,CLOCKWISETOCLOSE,
P_Valve,CLOSESTOPINDICATOR,,CLOSESTOPINDICATOR,CLOSESTOPINDICATOR,
P_Valve,COMMENTS,,COMMENTS,COMMENTS,
P_Valve,CONNECTIONTYPE,End Connections,,,
P_Valve,CONTINM,From Measure,,,
P_Valve,CONTINROUTEID,Route ID,,,
P_Valve,CONTINROUTENAME,TR,,,
P_Valve,COUNTYNAME,,COUNTYNAME,COUNTYNAME,
P_Valve,CPSYSTEMNAME,,CPSYSTEMNAME,CPSYSTEMNAME,
P_Valve,CPTYPE,,CPTYPE,CPTYPE,
P_Valve,CREATIONUSER,,CREATIONUSER,CREATIONUSER,
P_Valve,CUNUMLASTSAVED,,CUNUMLASTSAVED,CUNUMLASTSAVED,
P_Valve,CUTNUMBER,,CUTNUMBER,CUTNUMBER,
P_Valve,DATECREATED,,DATECREATED,DATECREATED,
P_Valve,DATEMODIFIED,,DATEMODIFIED,DATEMODIFIED,
P_Valve,DATERETIRED,,DATERETIRED,DATERETIRED,
P_Valve,DEPTHTONUT,,DEPTHTONUT,DEPTHTONUT,
P_Valve,DETAILINDICATOR,,DETAILINDICATOR,DETAILINDICATOR,
P_Valve,DEVICENUMBER,,DEVICENUMBER,DEVICENUMBER,
P_Valve,DIAMETER,Outside Diameter [D],,,
P_Valve,DIRECTIONTOCLOSE,,DIRECTIONTOCLOSE,DIRECTIONTOCLOSE,
P_Valve,DIVISION,,DIVISION,DIVISION,
P_Valve,EMERGENCYINDICATOR,,EMERGENCYINDICATOR,EMERGENCYINDICATOR,
P_Valve,ENABLED,,ENABLED,ENABLED,
P_Valve,EVENTID,EventID,,,
P_Valve,FACILITYID,Facility ID-DO NOT EDIT,FACILITYID,FACILITYID,
P_Valve,FIELDTAG,,FIELDTAG,FIELDTAG,
P_Valve,FROMDATE,,FROMDATE,FROMDATE,
P_Valve,FUNCTIONAL,,FUNCTIONAL,FUNCTIONAL,
P_Valve,GASTRACEWEIGHT,,GASTRACEWEIGHT,GASTRACEWEIGHT,
P_Valve,GISSYSTEMTYPE,,GISSYSTEMTYPE,GISSYSTEMTYPE,
P_Valve,GPSX,,GPSX,GPSX,
P_Valve,GPSY,,GPSY,GPSY,
P_Valve,GREASEFITTINGINDICATOR,,GREASEFITTINGINDICATOR,GREASEFITTINGINDICATOR,
P_Valve,INACCESSIBLEINDICATOR,,INACCESSIBLEINDICATOR,INACCESSIBLEINDICATOR,
P_Valve,INOPERABLEINDICATOR,,INOPERABLEINDICATOR,INOPERABLEINDICATOR,
P_Valve,INSERVICEDATE,,INSERVICEDATE,INSERVICEDATE,
P_Valve,INSIDEFENCEINDICATOR,,INSIDEFENCEINDICATOR,INSIDEFENCEINDICATOR,
P_Valve,INSTALLATIONDATE,Feature Install Date,,,
P_Valve,INSTALLATIONMETHOD,Above Ground/Below Ground,,,
P_Valve,INSULATEDINDICATOR,,INSULATEDINDICATOR,INSULATEDINDICATOR,
P_Valve,JOBMODIFYNAME,,JOBMODIFYNAME,JOBMODIFYNAME,
P_Valve,JOBPLACENAME,,JOBPLACENAME,JOBPLACENAME,
P_Valve,LASTUSER,,LASTUSER,LASTUSER,
P_Valve,LASTUSERNAME,,LASTUSERNAME,LASTUSERNAME,
P_Valve,LINENUMBER,,LINENUMBER,LINENUMBER,
P_Valve,LOCATIONERROR,,LOCATIONERROR,LOCATIONERROR,
P_Valve,LOCATIONMEASURE1,,LOCATIONMEASURE1,LOCATIONMEASURE1,
P_Valve,LOCATIONMEASURE2,,LOCATIONMEASURE2,LOCATIONMEASURE2,
P_Valve,LOCKEDINDICATOR,,LOCKEDINDICATOR,LOCKEDINDICATOR,
P_Valve,MANUFACTURELOTNUMBER,,MANUFACTURELOTNUMBER,MANUFACTURELOTNUMBER,
P_Valve,MANUFACTURER,Manufacturer,,,
P_Valve,MANUFACTURERDATE,,MANUFACTURERDATE,MANUFACTURERDATE,
P_Valve,MANUFACTURERMODEL,Model Number,,,
P_Valve,MAOPDESIGN,DP of Pipe 192.619(a)(1),,,
P_Valve,MAOPFEATURE,,MAOPFEATURE,MAOPFEATURE,
P_Valve,MAOPRECORD,Governing MAOP,,,
P_Valve,MAOPTEST,Test Pressure 192.619(a)(2),,,
P_Valve,MAOPUNITOFMEASURE,,MAOPUNITOFMEASURE,MAOPUNITOFMEASURE,
P_Valve,MATERIAL,Material Type,,,
P_Valve,MXCREATIONSTATE,,MXCREATIONSTATE,MXCREATIONSTATE,
P_Valve,MXSITEID,,MXSITEID,MXSITEID,
P_Valve,NORMALPOSITION,,NORMALPOSITION,NORMALPOSITION,
P_Valve,OPCENTER,,OPCENTER,OPCENTER,
P_Valve,OPCENTERCSS,,OPCENTERCSS,OPCENTERCSS,
P_Valve,OPENSTOPINDICATOR,,OPENSTOPINDICATOR,OPENSTOPINDICATOR,
P_Valve,OPERATINGCLASSIFICATION,,OPERATINGCLASSIFICATION,OPERATINGCLASSIFICATION,
P_Valve,OPERATINGTOOL,,OPERATINGTOOL,OPERATINGTOOL,
P_Valve,OUTAGEZONE1,,OUTAGEZONE1,OUTAGEZONE1,
P_Valve,OUTAGEZONE2,,OUTAGEZONE2,OUTAGEZONE2,
P_Valve,OUTAGEZONEINDICATOR,,OUTAGEZONEINDICATOR,OUTAGEZONEINDICATOR,
P_Valve,OWNER,,OWNER,OWNER,
P_Valve,PRESSURECLASS,,PRESSURECLASS,PRESSURECLASS,
P_Valve,PRESSURESYSTEMNAME,GSID,,,
P_Valve,PROJECTNUMBER,,PROJECTNUMBER,PROJECTNUMBER,
P_Valve,PROJECTNUMBERRETIRED,,PROJECTNUMBERRETIRED,PROJECTNUMBERRETIRED,
P_Valve,RATING,,RATING,RATING,
P_Valve,REFLOCATION,,REFLOCATION,REFLOCATION,
P_Valve,REFMETHOD,,REFMETHOD,REFMETHOD,
P_Valve,REFOFFSET,,REFOFFSET,REFOFFSET,
P_Valve,SIZEADAPTER,,SIZEADAPTER,SIZEADAPTER,
P_Valve,SPATIALACCURACY,,SPATIALACCURACY,SPATIALACCURACY,
P_Valve,STATENAME,,STATENAME,STATENAME,
P_Valve,STATIONNAME,,STATIONNAME,STATIONNAME,
P_Valve,STATIONNUMBER,,STATIONNUMBER,STATIONNUMBER,
P_Valve,STATIONSTRUCTURE_GLOBALID,,STATIONSTRUCTURE_GLOBALID,STATIONSTRUCTURE_GLOBALID,
P_Valve,STATUS,,STATUS,STATUS,
P_Valve,STOCKNUMBER,,STOCKNUMBER,STOCKNUMBER,
P_Valve,STYLEDEFAULT1,,STYLEDEFAULT1,STYLEDEFAULT1,
P_Valve,STYLEDEFAULT2,,STYLEDEFAULT2,STYLEDEFAULT2,
P_Valve,STYLEDEFAULT3,,STYLEDEFAULT3,STYLEDEFAULT3,
P_Valve,SUBSIDIARY,,SUBSIDIARY,SUBSIDIARY,
P_Valve,SYMBOLROTATION,,SYMBOLROTATION,SYMBOLROTATION,
P_Valve,SYMBOLSCALE,,SYMBOLSCALE,SYMBOLSCALE,
P_Valve,SYSTEMTYPE,,SYSTEMTYPE,SYSTEMTYPE,
P_Valve,TEEOPERATION,,TEEOPERATION,TEEOPERATION,
P_Valve,TODATE,,TODATE,TODATE,
P_Valve,TOWNGASNAME,,TOWNGASNAME,TOWNGASNAME,
P_Valve,TOWNSHIP,,TOWNSHIP,TOWNSHIP,
P_Valve,TOWNSHIPQQS,,TOWNSHIPQQS,TOWNSHIPQQS,
P_Valve,TURNSTOCLOSE,,TURNSTOCLOSE,TURNSTOCLOSE,
P_Valve,VALVENUMBER,,VALVENUMBER,VALVENUMBER,
P_Valve,VALVETYPE,Feature Type,,,
P_Valve,WORKORDERID,Work Order Number,,,
P_Valve,WORKORDERIDRETIRED,,WORKORDERIDRETIRED,WORKORDERIDRETIRED,
P_Valve,YEARINSTALLED,,YEARINSTALLED,YEARINSTALLED,
P_Valve,GLOBALID,,GLOBALID,GLOBALID,
P_Valve,MXASSETNUM,Maximo Asset Number-DO NOT EDIT,,,
P_Valve,SHAPE,,SHAPE,SHAPE,
P_Valve,WORKREQUESTID,,WORKREQUESTID,WORKREQUESTID,
P_Valve,DESIGNID,,DESIGNID,DESIGNID,
P_Valve,WORKLOCATIONID,,WORKLOCATIONID,WORKLOCATIONID,
P_Valve,WORKFLOWSTATUS,,WORKFLOWSTATUS,WORKFLOWSTATUS,
P_Valve,WORKFUNCTION,,WORKFUNCTION,WORKFUNCTION,
P_Valve,SUBTYPECD,,SUBTYPECD,SUBTYPECD,
P_Valve,ANSIPRESSURECLASS,Rating Class,,,
P_Valve,SERIALNUMBER,,SERIALNUMBER,SERIALNUMBER,
P_Valve,CHANGEDATABASE,,CHANGEDATABASE,CHANGEDATABASE,
P_Valve,MXASSETLOC,,MXASSETLOC,MXASSETLOC,
P_Valve,MXCHANGEDATE,,MXCHANGEDATE,MXCHANGEDATE,
P_Valve,MXGASHIERARCHYID,,MXGASHIERARCHYID,MXGASHIERARCHYID,
P_Valve,MXINDICATOR,,MXINDICATOR,MXINDICATOR,
P_Valve,SERVICECENTER,,SERVICECENTER,SERVICECENTER,
P_Valve,WELLSITE_GLOBALID,,WELLSITE_GLOBALID,WELLSITE_GLOBALID,
P_Valve,VALVESPECIFICATION,,VALVESPECIFICATION,VALVESPECIFICATION,
P_Valve,LOCATIONDESCRIPTION,,LOCATIONDESCRIPTION,LOCATIONDESCRIPTION,
P_Valve,VALVEUSE,,VALVEUSE,VALVEUSE,
P_Valve,ESRIGNSS_FIXTYPE,,ESRIGNSS_FIXTYPE,,
P_Valve,ESRIGNSS_NUMSATS,,ESRIGNSS_NUMSATS,,
P_Valve,LV_PROJECTID,,LV_PROJECTID,,
P_Valve,LV_ID,,LV_ID,,
P_Valve,LV_UID,,LV_UID,,
P_Valve,LV_WORKUNITID,,LV_WORKUNITID,,
P_Valve,ESRIGNSS_POSITIONSOURCETYPE,,ESRIGNSS_POSITIONSOURCETYPE,,
P_Valve,ESRIGNSS_RECEIVER,,ESRIGNSS_RECEIVER,,
P_Valve,ESRIGNSS_LATITUDE,,ESRIGNSS_LATITUDE,,
P_Valve,ESRIGNSS_LONGITUDE,,ESRIGNSS_LONGITUDE,,
P_Valve,ESRIGNSS_ALTITUDE,,ESRIGNSS_ALTITUDE,,
P_Valve,ESRIGNSS_H_RMS,,ESRIGNSS_H_RMS,,
P_Valve,ESRIGNSS_V_RMS,,ESRIGNSS_V_RMS,,
P_Valve,ESRIGNSS_FIXDATETIME,,ESRIGNSS_FIXDATETIME,,
P_Valve,ESRIGNSS_CORRECTIONAGE,,ESRIGNSS_CORRECTIONAGE,,
P_Valve,ESRIGNSS_STATIONID,,ESRIGNSS_STATIONID,,
P_Valve,ESRIGNSS_PDOP,,ESRIGNSS_PDOP,,
P_Valve,ESRIGNSS_HDOP,,ESRIGNSS_HDOP,,
P_Valve,ESRIGNSS_VDOP,,ESRIGNSS_VDOP,,
P_Valve,ESRIGNSS_DIRECTION,,ESRIGNSS_DIRECTION,,
P_Valve,ESRIGNSS_SPEED,,ESRIGNSS_SPEED,,
P_Valve,ESRISNSR_AZIMUTH,,ESRISNSR_AZIMUTH,,
P_Valve,ESRIGNSS_AVG_H_RMS,,ESRIGNSS_AVG_H_RMS,,
P_Valve,ESRIGNSS_AVG_V_RMS,,ESRIGNSS_AVG_V_RMS,,
P_Valve,ESRIGNSS_AVG_POSITIONS,,ESRIGNSS_AVG_POSITIONS,,
P_Valve,ESRIGNSS_H_STDDEV,,ESRIGNSS_H_STDDEV,,
P_Valve,INSTALLPERSONNAME,,INSTALLPERSONNAME,,
P_Valve,INSTALLPERSONID,,INSTALLPERSONID,,
P_Valve,INSPECTORNAME,,INSPECTORNAME,,
P_Valve,INSTALLERCOMPANY,,INSTALLERCOMPANY,,
P_Valve,INSPECTORCOMPANY,,INSPECTORCOMPANY,,
P_Valve,COLLECTIONUSER,,COLLECTIONUSER,,
P_Valve,COLLECTIONDATE,,COLLECTIONDATE,,
P_Valve,COLLECTIONUPDATEDATE,,COLLECTIONUPDATEDATE,,
P_Valve,VALVEFORMNUMBER,,VALVEFORMNUMBER,,
P_Valve,VALVEPORTSTYLE,,VALVEPORTSTYLE,,
P_Valve,ASTMCATEGORY,,ASTMCATEGORY,,
P_Valve,ASTMSIZESTANDARD1,,ASTMSIZESTANDARD1,,
P_Valve,ASTMSIZESTANDARD2,,ASTMSIZESTANDARD2,,
P_Valve,ASTMSUBCATEGORY,,ASTMSUBCATEGORY,,
P_Valve,WELDER1,,WELDER1,,
P_Valve,WELDER2,,WELDER2,,
P_Valve,WELDER3,,WELDER3,,
P_Valve,WELDER4,,WELDER4,,
P_Valve,XRAYNUMBER1,,XRAYNUMBER1,,
P_Valve,XRAYNUMBER2,,XRAYNUMBER2,,
P_Valve,VALVESTYLE,,VALVESTYLE,VALVETYPE,
P_TestPressureRange,OBJECTID,,,,
P_TestPressureRange,CONTINFROMM,From Measure,,,
P_TestPressureRange,CONTINROUTEID,Route ID,,,Check
P_TestPressureRange,CONTINROUTENAME,TR,,,Check
P_TestPressureRange,CONTINTOM,To Measure,,,
P_TestPressureRange,CREATIONUSER,,,,
P_TestPressureRange,DATECREATED,,,,
P_TestPressureRange,DATEMODIFIED,,,,
P_TestPressureRange,EVENTID,,,,
P_TestPressureRange,FROMDATE,,,,
P_TestPressureRange,FROMREFLOCATION,,,,
P_TestPressureRange,FROMREFMETHOD,,,,
P_TestPressureRange,FROMREFOFFSET,,,,
P_TestPressureRange,GISSYSTEMTYPE,,,,
P_TestPressureRange,LASTUSER,,,,
P_TestPressureRange,LOCATIONERROR,,,,
P_TestPressureRange,MINADJUSTEDPRESSURE,PT Min Test Pressure,,,Check
P_TestPressureRange,MINDESIGNPRESSURE,,,,
P_TestPressureRange,PRESSURETEST,,,,
P_TestPressureRange,PRETEST,,,,
P_TestPressureRange,STYLEDEFAULT,,,,
P_TestPressureRange,TESTDATE,PT Date,,,Check
P_TestPressureRange,TESTMEDIUM,PT Test Medium,,,Check
P_TestPressureRange,TESTNAME,PT Hydrotest Name and Location,,,Check
P_TestPressureRange,TESTTYPE,,,,
P_TestPressureRange,TODATE,,,,
P_TestPressureRange,TOREFLOCATION,,,,
P_TestPressureRange,TOREFMETHOD,,,,
P_TestPressureRange,TOREFOFFSET,,,,
P_TestPressureRange,UNITOFMEASURE,,,,
P_TestPressureRange,GLOBALID,,,,
P_TestPressureRange,SHAPE,,,,
P_TestPressureRange,COMMENTS,,,,
P_TestPressureRange,MAXELEVATION,Max Elevation,,,Check
P_TestPressureRange,MINELEVATION,Min Elevation,,,Check
P_TestPressureRange,PROJECTNUMBER,,,,
P_TestPressureRange,TESTSITEELEVATION,Instrument Dead Weight Elevation,,,Check
P_TestPressureRange,TESTSTAMPNUMBER,,,,
P_TestPressureRange,RESPONSIBLEPERSONNAME,PT Person Responsible,,,Check
P_TestPressureRange,TESTCOMPANYNAME,PT Test Company Name,,,Check
P_TestPressureRange,TESTDURATION,PT Duration Hours,,,Check
P_TestPressureRange,PRESSURERECORDINGCHARTS,Pressure Recording Charts,,,Check
P_TestPressureRange,TESTINSTRUMENTCALIBRATION,Test Instrument Calibration,,,Check
P_TestPressureRange,FACTOR,Test Pressure Factor,,,Check
P_TestPressureRange,SHAPE_Length,,,,
P_TVCTable,CREATIONUSER,,,,
P_TVCTable,DATECREATED,,,,
P_TVCTable,DATEMODIFIED,,,,
P_TVCTable,DEFAULTDESIGNFACTOR,Default Design Factor,,,
P_TVCTable,DEFAULTJOINTFACTOR,Default Joint Factor [E],,,
P_TVCTable,DEFAULTSMYS,Default SMYS [S],,,
P_TVCTable,DESIGNFACTOR,Design Factor [F],,,
P_TVCTable,ENDCONNECTIONS,End Connections,,,
P_TVCTable,ENGINEERINGWHITEPAPER1,Engineering Whitepaper 1,,,
P_TVCTable,ENGINEERINGWHITEPAPER2,Engineering Whitepaper 2,,,
P_TVCTable,ENGINEERINGWHITEPAPER3,Engineering Whitepaper 3,,,
P_TVCTable,ENGINEERINGWHITEPAPER4,Engineering Whitepaper 4,,,
P_TVCTable,ENGINEERINGWHITEPAPER5,Engineering Whitepaper 5,,,
P_TVCTable,ENGM,From Station,,,
P_TVCTable,FEATURE,Feature,,,
P_TVCTable,FEATURETYPE,Feature Type,,,
P_TVCTable,GLOBALID,,,,
P_TVCTable,GRADE,Grade,,,
P_TVCTable,JOINTFACTOR,Joint Factor [E],,,
P_TVCTable,LASTUSER,,,,
P_TVCTable,NONTVCGAPSTATUS,Non TVC Gap Status,,,
P_TVCTable,OBJECTID,,,,
P_TVCTable,ODDOCUMENT1,OD 1 Document 1,,,
P_TVCTable,ODDOCUMENT1TYPE,OD 1 Document 1 Type,,,
P_TVCTable,ODDOCUMENT2,OD 1 Document 2,,,
P_TVCTable,ODDOCUMENT2TYPE,OD 1 Document 2 Type,,,
P_TVCTable,ODDOCUMENT3,OD 1 Document 3,,,
P_TVCTable,ODDOCUMENT3TYPE,OD 1 Document 3 Type,,,
P_TVCTable,ODDOCUMENT4,OD 1 Document 4,,,
P_TVCTable,ODDOCUMENT4TYPE,OD 1 Document 4 Type,,,
P_TVCTable,ODDOCUMENT5,OD 1 Document 5,,,
P_TVCTable,ODDOCUMENT5TYPE,OD 1 Document 5 Type,,,
P_TVCTable,ODTVCSTATUS,OD 1 Matrix Check,,,
P_TVCTable,OUTSIDEDIAMETER,Outside Diameter [D],,,
P_TVCTable,OUTSIDEDIAMETER2,Outside Diameter 2,,,
P_TVCTable,PROJECTDESCRIPTION,Project Name,,,
P_TVCTable,PROJECTNUMBER,Work Order Number,,,
P_TVCTable,QCCOMMENT,QC Comment,,,
P_TVCTable,RATINGCLASS,Rating Class,,,
P_TVCTable,RATINGCLASSDOCUMENT1,Rating Class Document 1,,,
P_TVCTable,RATINGCLASSDOCUMENT1TYPE,Rating Class Document 1 Type,,,
P_TVCTable,RATINGCLASSDOCUMENT2,Rating Class Document 2,,,
P_TVCTable,RATINGCLASSDOCUMENT2TYPE,Rating Class Document 2 Type,,,
P_TVCTable,RATINGCLASSDOCUMENT3,Rating Class Document 3,,,
P_TVCTable,RATINGCLASSDOCUMENT3TYPE,Rating Class Document 3 Type,,,
P_TVCTable,RATINGCLASSDOCUMENT4,Rating Class Document 4,,,
P_TVCTable,RATINGCLASSDOCUMENT4TYPE,Rating Class Document 4 Type,,,
P_TVCTable,RATINGCLASSDOCUMENT5,Rating Class Document 5,,,
P_TVCTable,RATINGCLASSDOCUMENT5TYPE,Rating Class Document 5 Type,,,
P_TVCTable,RATINGCLASSTVCSTATUS,Rating Class Matrix Check,,,
P_TVCTable,RELFACILITYID,Facility ID-DO NOT EDIT,,,
P_TVCTable,SEAMDOCUMENT1,Seam Document 1,,,
P_TVCTable,SEAMDOCUMENT1TYPE,Seam Document 1 Type,,,
P_TVCTable,SEAMDOCUMENT2,Seam Document 2,,,
P_TVCTable,SEAMDOCUMENT2TYPE,Seam Document 2 Type,,,
P_TVCTable,SEAMDOCUMENT3,Seam Document 3,,,
P_TVCTable,SEAMDOCUMENT3TYPE,Seam Document 3 Type,,,
P_TVCTable,SEAMDOCUMENT4,Seam Document 4,,,
P_TVCTable,SEAMDOCUMENT4TYPE,Seam Document 4 Type,,,
P_TVCTable,SEAMDOCUMENT5,Seam Document 5,,,
P_TVCTable,SEAMDOCUMENT5TYPE,Seam Document 5 Type,,,
P_TVCTable,SEAMTVCSTATUS,Seam Matrix Check,,,
P_TVCTable,SEAMTYPE,SeamType,,,
P_TVCTable,SMYS,SMYS [S],,,
P_TVCTable,SPECGRADDOCUMENT1,Spec Grade Document 1,,,
P_TVCTable,SPECGRADEDOCUMENT1TYPE,Spec Grade Document 1 Type,,,
P_TVCTable,SPECGRADEDOCUMENT2,Spec Grade Document 2,,,
P_TVCTable,SPECGRADEDOCUMENT2TYPE,Spec Grade Document 2 Type,,,
P_TVCTable,SPECGRADEDOCUMENT3,Spec Grade Document 3,,,
P_TVCTable,SPECGRADEDOCUMENT3TYPE,Spec Grade Document 3 Type,,,
P_TVCTable,SPECGRADEDOCUMENT4,Spec Grade Document 4,,,
P_TVCTable,SPECGRADEDOCUMENT4TYPE,Spec Grade Document 4 Type,,,
P_TVCTable,SPECGRADEDOCUMENT5,Spec Grade Document 5,,,
P_TVCTable,SPECGRADEDOCUMENT5TYPE,Spec Grade Document 5 Type,,,
P_TVCTable,SPECGRADETVCSTATUS,Spec Grade Matrix Check,,,
P_TVCTable,SPECIFICATION,Specification,,,
P_TVCTable,TVCSTATUS,TVC Status,,,
P_TVCTable,WALLTHICKNESS,Wall Thickness [t],,,
P_TVCTable,WALLTHICKNESS2,Wall Thickness 2,,,
P_TVCTable,WTDOCUMENT1,WT 1 Document 1,,,
P_TVCTable,WTDOCUMENT1TYPE,WT 1 Document 1 Type,,,
P_TVCTable,WTDOCUMENT2,WT 1 Document 2,,,
P_TVCTable,WTDOCUMENT2TYPE,WT 1 Document 2 Type,,,
P_TVCTable,WTDOCUMENT3,WT 1 Document 3,,,
P_TVCTable,WTDOCUMENT3TYPE,WT 1 Document 3 Type,,,
P_TVCTable,WTDOCUMENT4,WT 1 Document 4,,,
P_TVCTable,WTDOCUMENT4TYPE,WT 1 Document 4 Type,,,
P_TVCTable,WTDOCUMENT5,WT 1 Document 5,,,
P_TVCTable,WTDOCUMENT5TYPE,WT 1 Document 5 Type,,,
P_TVCTable,WTTVCSTATUS,WT 1 Matrix Check,,,
P_MitigationActions,OBJECTID,,,,
P_MitigationActions,GAPCATEGORY,Gap Category,,,Check
P_MitigationActions,MITIGATIONCATEGORY,Mitigation Category,,,Check
P_MitigationActions,MITIGATIONSTATUS,,,,
P_MitigationActions,CONTINROUTEID,Route ID,,,Check
P_MitigationActions,CONTINROUTENAME,TR,,,Check
P_MitigationActions,COMPLETEDDATE,,,,
P_MitigationActions,CONTINFROMM,From Measure,,,
P_MitigationActions,CONTINTOM,To Measure,,,
P_MitigationActions,FROMDATE,,,,
P_MitigationActions,TODATE,,,,
P_MitigationActions,LOCATIONERROR,,,,
P_MitigationActions,ANTICIPATEDDATE,,,,
P_MitigationActions,TPPDM,TPPDM,,,Check
P_MitigationActions,OVERALLSCHEDULE,Overall Schedule,,,Check
P_MitigationActions,SCHEDULE624,624 Schedule,,,Check
P_MitigationActions,MITIGATIONACTION,Mitigation Action,,,Check
P_MitigationActions,EVENTID,,,,
P_MitigationActions,DATECREATED,,,,
P_MitigationActions,CREATIONUSER,,,,
P_MitigationActions,LASTUSER,,,,
P_MitigationActions,DATEMODIFIED,,,,
P_MitigationActions,SHAPE,,,,
P_MitigationActions,GLOBALID,,,,
P_MitigationActions,SHAPE_Length,,,,
P_TVCTable,INSTALLATIONDATE,Feature Install Date,,,
P_TVCTable,EVENTID,EventID,,,
